data_hora_utc,consulta,workgroup,estado,bytes_varridos,mb_cobrados,custo_usd,tempo_ms,query_execution_id
2026-10-05T03:58:03Z,04_qualidade_grao,eda262-g06-wg,SUCCEEDED,39389814,38,0.00018120,1067,a87bdd0a-e0df-408e-86b4-08e64c43713f
2026-10-05T03:58:08Z,reconciliacao_presidente_2t,eda262-g06-wg,SUCCEEDED,39389814,38,0.00018120,528,b1d31aea-9e71-4eb6-a9df-36b839a7c1d1
2026-10-05T03:58:17Z,01_pergunta_votos_validos_por_regiao,eda262-g06-wg,SUCCEEDED,39389814,38,0.00018120,764,93ccc5ed-1c67-40e5-bd8f-55c3ef5273ad
2026-10-05T03:58:25Z,03_mesma_pergunta_na_raw,eda262-g06-wg,CANCELLED,116391936,111,0.00052929,1510,156c91f3-3e15-4bc8-9d57-a513064033b7
2026-10-05T04:01:02Z,01_pergunta_votos_validos_por_regiao,eda262-g06-wg,SUCCEEDED,39389814,38,0.00018120,879,3f760702-e1ae-4c7a-92dd-cf058ef71ab7
2026-10-05T04:01:32Z,02_presidente_2t_por_regiao,eda262-g06-wg,SUCCEEDED,78779628,76,0.00036240,976,d7426735-453d-4c3d-889a-18abf3f5d928
2026-10-05T04:01:59Z,03_mesma_pergunta_na_raw__sem-teto,primary,SUCCEEDED,194561331,186,0.00088692,1586,ac795b28-fe99-40c3-b4ad-0b34c0796301
2026-10-05T04:02:19Z,03_mesma_pergunta_na_raw,eda262-g06-wg,CANCELLED,116391936,111,0.00052929,1319,8af3e68e-cd7d-4434-ad49-46f3962cba37
2026-10-05T04:02:42Z,04_qualidade_grao,eda262-g06-wg,SUCCEEDED,39389814,38,0.00018120,995,017d81df-2c45-4fff-b3ee-54680025e5fe
2026-10-05T04:18:05Z,02_presidente_2t_por_regiao,eda262-g06-wg,SUCCEEDED,39389814,38,0.00018120,928,f29c466d-2eac-48ff-af99-e159c7300f89
2026-10-05T04:21:59Z,04_qualidade_grao,eda262-g06-wg,SUCCEEDED,39389814,38,0.00018120,1992,d07c4d40-1363-46a5-bea1-1c8d276fb9f7
2026-10-05T04:22:04Z,reconciliacao_presidente_2t,eda262-g06-wg,SUCCEEDED,39389814,38,0.00018120,643,ad63c461-1346-4d11-bd21-dc3874a27ffc
2026-10-05T04:22:14Z,01_pergunta_votos_validos_por_regiao,eda262-g06-wg,SUCCEEDED,39389814,38,0.00018120,869,f5d5a3e8-b9b2-4cd7-8e25-78b740bb0924
2026-10-05T04:22:19Z,03_mesma_pergunta_na_raw,eda262-g06-wg,CANCELLED,116391936,111,0.00052929,1185,52b4c67e-19de-4ca9-9fde-28c0914280a5
