ano_eleicao	regiao	nm_urna_candidato	votos_nominais
2018	CO	JAIR BOLSONARO	5163023
2018	CO	FERNANDO HADDAD	2595426
2018	EX	JAIR BOLSONARO	131671
2018	EX	FERNANDO HADDAD	53730
2018	N	JAIR BOLSONARO	4242504
2018	N	FERNANDO HADDAD	3933015
2018	NE	FERNANDO HADDAD	20289812
2018	NE	JAIR BOLSONARO	8824454
2018	S	JAIR BOLSONARO	11084395
2018	S	FERNANDO HADDAD	5152685
2018	SE	JAIR BOLSONARO	28351800
2018	SE	FERNANDO HADDAD	15016238
2022	CO	JAIR BOLSONARO	5331708
2022	CO	LULA	3523743
2022	EX	LULA	152905
2022	EX	JAIR BOLSONARO	145264
2022	N	JAIR BOLSONARO	4782341
2022	N	LULA	4590184
2022	NE	LULA	22534967
2022	NE	JAIR BOLSONARO	9962947
2022	S	JAIR BOLSONARO	10940158
2022	S	LULA	6750374
2022	SE	JAIR BOLSONARO	27043936
2022	SE	LULA	22793826
