ano_eleicao	regiao	a_frente	pct_a_frente	segundo	pct_segundo	margem_pp	votos_validos_regiao
2018	N	JAIR BOLSONARO (PSL)	51.89	FERNANDO HADDAD (PT)	48.11	3.79	8175519
2018	NE	FERNANDO HADDAD (PT)	69.69	JAIR BOLSONARO (PSL)	30.31	39.38	29114266
2018	CO	JAIR BOLSONARO (PSL)	66.55	FERNANDO HADDAD (PT)	33.45	33.09	7758449
2018	SE	JAIR BOLSONARO (PSL)	65.37	FERNANDO HADDAD (PT)	34.63	30.75	43368038
2018	S	JAIR BOLSONARO (PSL)	68.27	FERNANDO HADDAD (PT)	31.73	36.53	16237080
2018	EX	JAIR BOLSONARO (PSL)	71.02	FERNANDO HADDAD (PT)	28.98	42.04	185401
2022	N	JAIR BOLSONARO (PL)	51.03	LULA (PT)	48.97	2.05	9372525
2022	NE	LULA (PT)	69.34	JAIR BOLSONARO (PL)	30.66	38.69	32497914
2022	CO	JAIR BOLSONARO (PL)	60.21	LULA (PT)	39.79	20.42	8855451
2022	SE	JAIR BOLSONARO (PL)	54.26	LULA (PT)	45.74	8.53	49837762
2022	S	JAIR BOLSONARO (PL)	61.84	LULA (PT)	38.16	23.68	17690532
2022	EX	LULA (PT)	51.28	JAIR BOLSONARO (PL)	48.72	2.56	298169
